<?xml version="1.0" encoding="UTF-8"?>
<!--

    Symphony - A modern community (forum/BBS/SNS/blog) platform written in Java.
    Copyright (C) 2012-present, b3log.org

    This program is free software: you can redistribute it and/or modify
    it under the terms of the GNU Affero General Public License as published by
    the Free Software Foundation, either version 3 of the License, or
    (at your option) any later version.

    This program is distributed in the hope that it will be useful,
    but WITHOUT ANY WARRANTY; without even the implied warranty of
    MERCHANTABILITY or FITNESS FOR A PARTICULAR PURPOSE.  See the
    GNU Affero General Public License for more details.

    You should have received a copy of the GNU Affero General Public License
    along with this program.  If not, see <https://www.gnu.org/licenses/>.

-->
<!--
    Description: log4j2 configuration.
    Version: 1.0.0.0, Jan 16, 2020
    Author: Liang Ding
-->
<Configuration status="WARN">
    <Appenders>
        <Console name="Console" target="SYSTEM_OUT">
            <PatternLayout>
                <pattern>[%-5p]-[%d{yyyy-MM-dd HH:mm:ss}]-[%c:%L]: %m%n</pattern>
            </PatternLayout>
        </Console>
    </Appenders>

    <Loggers>
        <Root level="Info">
            <AppenderRef ref="Console"/>
        </Root>

        <Logger name="org.b3log.symphony" level="Info"/>
        <Logger name="org.b3log.latke" level="Warn"/>
        <Logger name="org.b3log.latke.repository.jdbc.util" level="Info"/>
        <Logger name="io.netty" level="Warn"/>
        <Logger name="freemarker" level="Warn"/>
        <Logger name="com.zaxxer" level="Warn"/>

    </Loggers>
</Configuration>